Cell_ID,Camera_ID,Year,landcover,Habitat_Type,Road_Type,Land_Mgnt,elev,Cam_Height,Distance_to_Road,wadnr,conifer,scale.elev,scale.dtr,scale.cheight,scale.wadnr,landmg2,CameraLocation
NE1483,32,2018,42,mixed conifer,road,Public,1110.72509765625,1.35,4,0.07473835552573037,conifer,0.14445411918675485,-0.9995738565275664,-0.5603196446139714,-0.6023895944213826,Public,NE1483_32
NE1487,30,2018,42,mixed conifer,trail,Public,889.0853271484375,1.3,5.3,172.29162685003132,conifer,-0.3956133086705323,-0.40542471523949464,-0.6161346381147178,-0.3253944683632929,Public,NE1487_30
NE1884,81,2018,42,mixed conifer,trail,Public,1375.5283203125,0.95,5.4,337.63132845415254,conifer,0.7896975022701193,-0.359720935140412,-1.0068395926199425,-0.05946066890493356,Public,NE1884_81
NE2048,23,2018,42,mixed conifer,trail,Public,1363.1038818359375,2.2,3.2,1117.083110800791,conifer,0.7594229964121026,-1.365204097320226,0.3885352448987168,1.1942162880689928,Public,NE2048_23
NE2048,79,2018,42,mixed conifer,trail,Public,1351.742431640625,1.16,5.7,1222.8518743420111,conifer,0.7317386635432649,-0.22260959484316473,-0.7724166199168078,1.3643356779048117,Public,NE2048_79
NE2354,24,2018,52,mixed conifer,road,Private,716.96832275390625,1,3.7,63.699324386156555,conifer,-0.8150091041132069,-1.1366851968248135,-0.951024599119196,-0.5000552625099648,Private,NE2354_24
NE2358,31,2018,71,Agriculture,trail,Private,494.8666076660156,0.7,5.6,171.90227405569414,other,-1.3562021477415436,-0.2683133749422474,-1.2859145601236743,-0.32602070674961664,Private,NE2358_31
NE2758,35,2018,42,mixed conifer,trail,Private,715.62060546875,0.48,1.6,219.17476268400577,conifer,-0.8182930734387729,-2.096464578905545,-1.5315005315269583,-0.2499872290741879,Private,NE2758_35
NE2881,9,2018,42,mixed conifer,trail,Public,715.70611572265625,0.6,4.75,10.92594170951117,conifer,-0.8180847114522181,-0.656795505784448,-1.3975445471251668,-0.5849364255295578,Public,NE2881_9
NE2898,4,2018,42,mixed conifer,trail,Public,1244.4786376953125,0.8,3.8,418.8901239329659,conifer,0.47037004199338367,-1.0909814167257312,-1.1742845731221814,0.07123667729465552,Public,NE2898_4
NE2902,22,2018,42,mixed conifer,trail,Public,872.69580078125,1.3,6,117.4794959252023,conifer,-0.4355495048173071,-0.08549825454591746,-0.6161346381147178,-0.41355477161671,Public,NE2902_22
NE2947,12,2018,71,Shrub-steppe,road,Private,748.7110595703125,0.7,2.2,7.028841587709624,other,-0.7376618925260922,-1.8222418983110504,-1.2859145601236743,-0.5912045549153343,Private,NE2947_12
NE2952,115,2018,42,mixed conifer,road,Private,1006.7257690429688,0.45,3.25,719.2777225282869,conifer,-0.10896001210553403,-1.3423522072706846,-1.5649895276274062,0.5543826768918575,Private,NE2952_115
NE3000,17,2018,42,mixed conifer,road,Public,1164.7127685546875,1.2,7,5.3344805497141206,conifer,0.27600534075372135,0.371539546444907,-0.7277646251162107,-0.5939297797954857,Public,NE3000_17
NE3109,113,2018,52,mixed conifer,road,Public,655.76568603515625,0.6,5.5,10.436746819319325,conifer,-0.9641409612480896,-0.3140171550413297,-1.3975445471251668,-0.5857232508023881,Public,NE3109_113
NE3149,8,2018,42,mixed conifer,trail,Private,644.89642333984375,2.4,3.8,143.99889398994455,conifer,-0.990625985723224,-1.0909814167257312,0.611795218901702,-0.3709007434656771,Private,NE3149_8
NE3248,40,2018,42,Agriculture,trail,Private,464.52825927734375,1.55,5.3,1198.4207715934156,other,-1.4301272999927312,-0.40542471523949464,-0.337059670610986,1.3250404819182622,Private,NE3248_40
NE3288,60,2018,42,mixed conifer,trail,Public,894.8369750976564,0.8,3.1,2.643594950002505,conifer,-0.381598325227993,-1.4109078774193082,-1.1742845731221814,-0.5982578233597137,Public,NE3288_60
NE3558,69,2018,42,mixed conifer,trail,Private,1032.8802490234375,1.1,3.2,251.1017239204232,conifer,-0.04522965045774135,-1.365204097320226,-0.8393946121177033,-0.1986356297644876,Private,NE3558_69
NE3661,36,2018,42,mixed conifer,road,Private,1285.1634521484375,2.15,5.9,3.3053832089888053,conifer,0.5695063253607936,-0.13120203464499974,0.3327202513979701,-0.5971933974266699,Private,NE3661_36
NE3815,28,2018,52,mixed conifer,trail,Private,661.91412353515625,1.3,5,130.99451872856852,conifer,-0.9491591246473824,-0.5425360555367419,-0.6161346381147178,-0.39181709258986003,Private,NE3815_28
NE3877,7,2018,82,Agriculture,trail,Private,502.2765197753906,1.5,4.75,596.7163781136829,other,-1.338146488486935,-0.656795505784448,-0.3928746641117325,0.3572539554130969,Private,NE3877_7
NE3893,29,2018,42,mixed conifer,trail,Private,866.86676025390625,0.7,3,208.1451717600913,conifer,-0.44975306998643566,-1.4566116575183907,-1.2859145601236743,-0.26772731806921307,Private,NE3893_29
NE3903,25,2018,42,mixed conifer,road,Private,1397.7852783203125,0.6,4.4,9.764928540556388,conifer,0.8439308108305216,-0.8167587361312364,-1.3975445471251668,-0.5868038091055883,Private,NE3903_25
NE4016,116,2018,42,Riparian,trail,Private,647.66387939453125,0.5,1.2,237.83342600141285,other,-0.983882553036307,-2.279279699301875,-1.5091745341266596,-0.21997647436330184,Private,NE4016_116
NE4485,14,2018,52,mixed conifer,trail,Private,668.03778076171875,0.6,2.8,255.6387899978129,conifer,-0.934237669892886,-1.5480192177165557,-1.3975445471251668,-0.19133817362631952,Private,NE4485_14
NE4498,21,2018,42,mixed conifer,trail,Private,722.6304931640625,1.5,9.8,232.20524186102128,conifer,-0.8012121497015665,1.6512453892192158,-0.3928746641117325,-0.2290288941873637,Private,NE4498_21
NE4523,114,2018,52,mixed conifer,trail,Private,697.96038818359375,2.5,6.6,168.45185686139294,conifer,-0.8613255495270793,0.18872442604857703,0.7234252059031947,-0.3315703874693386,Private,NE4523_114
NE4771,95,2018,42,mixed conifer,road,Private,993.0875244140624,1.3,4.9,0.5873111489552352,conifer,-0.1421921873615639,-0.5882398356358242,-0.6161346381147178,-0.6015651679277261,Private,NE4771_95
NE4891,5,2018,42,mixed conifer,road,Public,764.2910766601564,1.5,5,45.99628005897685,conifer,-0.6996982195967886,-0.5425360555367419,-0.3928746641117325,-0.5285289914101101,Public,NE4891_5
NE5022,56,2018,42,mixed conifer,road,Public,973.9365234375,0.9,7.1,1.4572595249068496,conifer,-0.18885724126685988,0.41724332654398927,-1.0626545861206889,-0.6001659354705188,Public,NE5022_56
NE5094,10,2018,42,mixed conifer,trail,Private,747.91656494140625,6,1.6,29.42970272571549,conifer,-0.7395978296988149,-2.096464578905545,4.6304747509554405,-0.5551748170134696,Private,NE5094_10
NE5345,3,2018,42,mixed conifer,trail,Private,859.8519287109375,0.5,3.5,48.64075392565971,conifer,-0.4668460403481324,-1.2280927570229785,-1.5091745341266596,-0.5242755968768409,Private,NE5345_3
NE5345,82,2018,52,mixed conifer,trail,Private,877.31396484375,0.6,4.9,24.28938239411113,conifer,-0.424296470305753,-0.5882398356358242,-1.3975445471251668,-0.5634425524874916,Private,NE5345_82
NE5383,27,2018,42,mixed conifer,road,Private,1157.777587890625,0.85,7.3,0.9464565911624236,conifer,0.25910645489770207,0.5086508867421542,-1.118469579621435,-0.6009875153066213,Private,NE5383_27
NE5397,11,2018,42,mixed conifer,trail,Private,611.4241943359375,1.9,7.25,112.96359388403624,conifer,-1.0721874337493242,0.4857989966926131,0.05364528389423833,-0.42081818733681625,Private,NE5397_11
NE5511,54,2018,42,mixed conifer,road,Private,669.08074951171875,0.9,2.95,4.554049452714935,conifer,-0.931696278296705,-1.479463547567932,-1.0626545861206889,-0.5951850318905776,Private,NE5511_54
NE5702,13,2018,42,mixed conifer,trail,Private,635.97052001953125,1.15,3.6,201.19787913205388,conifer,-1.012375645707347,-1.1823889769238962,-0.783579618616957,-0.27890140334092006,Private,NE5702_13
NE5736,6,2018,42,mixed conifer,road,Private,748.95489501953125,1.75,4.75,643.8689239952145,conifer,-0.7370677411083286,-0.656795505784448,-0.11379969660800066,0.4330945161420255,Private,NE5736_6
NE5740,15,2018,42,mixed conifer,road,Private,771.47509765625,1.1,5.3,0.07296689144311413,conifer,-0.6821929869747564,-0.40542471523949464,-0.8393946121177033,-0.6023924436594634,Private,NE5740_15
NE5814,18,2018,42,mixed conifer,trail,Private,854.5536499023436,1.1,5.25,279.19740908849724,conifer,-0.4797563037077813,-0.42827660528903583,-0.8393946121177033,-0.15344628786630696,Private,NE5814_18
NE5846,2,2018,42,Riparian,trail,Private,736.0682983398436,0.8,6.5,72.96038112312758,other,-0.7684683832705518,0.14302064594949476,-1.1742845731221814,-0.4851596991264105,Private,NE5846_2
NE5853,20,2018,52,mixed conifer,road,Private,742.2467041015625,0.85,6,447.6286734009576,conifer,-0.7534135233041069,-0.08549825454591746,-1.118469579621435,0.117460007667199,Private,NE5853_20
NE5921,26,2018,52,mixed conifer,road,Private,1071.005615234375,3.3,5.5,6.870119198325096,conifer,0.04767005079390005,-0.3140171550413297,1.6164651019151364,-0.5914598453728507,Private,NE5921_26
NE6019,33,2018,42,mixed conifer,road,Private,1067.141845703125,0.47,7,1.1035902450657396,conifer,0.03825524194531395,0.371539546444907,-1.5426635302271074,-0.6007347801849302,Private,NE6019_33
NE6025,119,2018,42,mixed conifer,trail,Private,909.0448608398436,0.45,3.7,29.36058933443052,conifer,-0.3469781111279113,-1.1366851968248135,-1.5649895276274062,-0.5552859795870049,Private,NE6025_119
NE6248,1,2018,42,Riparian,road,Private,726.36859130859375,1.8,4.6,222.45490292832008,other,-0.7921035630730493,-0.7253511759330719,-0.05798470310725424,-0.2447114232667276,Private,NE6248_1
NE6491,34,2018,42,Burned,road,Public,930.34832763671875,1.5,13.6,15.895961163544351,other,-0.29506816513279105,3.3879890329843483,-0.3928746641117325,-0.57694260345313,Public,NE6491_34
NE6685,85,2018,52,Grassland,trail,Public,936.3681030273436,2.5,2,373.2989431408873,other,-0.28039983821635056,-1.9136494585092152,0.7234252059031947,-0.00209257038271073,Public,NE6685_85
NE7141,39,2018,42,mixed conifer,trail,Public,755.8861083984375,1.15,4.1,46.11161345400453,conifer,-0.7201785222966535,-0.953870076428484,-0.783579618616957,-0.52834348818465,Public,NE7141_39
NE7302,84,2018,42,Burned,road,Public,1102.41650390625,3,4.2,4.824169860222261,other,0.12420865130257172,-0.9081662963294014,1.2815751409106584,-0.5947505679016946,Public,NE7302_84
NE7394,117,2018,52,Riparian,trail,Private,826.08734130859375,2.14,1.73,87.29018935183231,other,-0.5491198751805123,-2.037049664776738,0.3215572526978211,-0.4621115122070136,Private,NE7394_117
NE7602,118,2018,42,Burned,road,Public,1154.5474853515625,2,3.51,8.181370382462282,other,0.2512356961165054,-1.2235223790130705,0.16527527089573116,-0.5893508176798119,Public,NE7602_118
OK2051,38,2018,52,Burned,road,Public,1550.4498291015625,2.41,6.5,0.5052824536248847,other,1.2159270057215088,0.14302064594949476,0.6229582176018514,-0.6016971035874749,Public,OK2051_38
OK2169,112,2018,42,Burned,trail,Public,1936.391357421875,1.05,2.9,705.134341415288,other,2.1563468952824145,-1.5023154376174732,-0.8952096056184496,0.5316343409503002,Public,OK2169_112
OK2264,110,2018,42,Burned,trail,Public,2015.29150390625,0.85,5,727.4430886707502,other,2.348602098722438,-0.5425360555367419,-1.118469579621435,0.5675159220904794,Public,OK2264_110
OK2329,19,2018,71,mixed conifer,road,Public,1623.072509765625,0.4,3.5,7.96728192642475,conifer,1.392885970534003,-1.2280927570229785,-1.6208045211281523,-0.5896951593955756,Public,OK2329_19
OK2428,120,2018,71,mixed conifer,road,Public,1609.251708984375,2.6,6.8,3.527744062270739,conifer,1.3592089625143864,0.280131986246742,0.8350551929046875,-0.5968357503159616,Public,OK2428_120
OK2448,124,2018,22,mixed conifer,road,Public,916.81787109375,2.25,4.7,9.515644813306492,conifer,-0.32803769423018003,-0.6796473958339891,0.44435023839946297,-0.5872047591985639,Public,OK2448_124
OK2737,121,2018,52,mixed conifer,trail,Public,1321.3677978515625,0.7,4,234.0092154862086,conifer,0.6577250950172688,-0.9995738565275664,-1.2859145601236743,-0.2261273674783256,Public,OK2737_121
OK2749,59,2018,42,Burned,trail,Public,1914.84716796875,0.7,4.63,1073.519579546231,other,2.1038503827812467,-0.7116400419033471,-1.2859145601236743,1.124148329363669,Public,OK2749_59
OK2822,107,2018,42,mixed conifer,trail,Public,1472.938232421875,2.4,5,457.7747236364542,conifer,1.0270552678019158,-0.5425360555367419,0.611795218901702,0.133779002212631,Public,OK2822_107
OK2838,44,2018,42,Burned,trail,Public,1741.689453125,2.4,4.6,838.4140620345474,other,1.6819186985214791,-0.7253511759330719,0.611795218901702,0.7460025909904033,Public,OK2838_44
OK2929,93,2018,42,mixed conifer,trail,Public,1615.4515380859375,1.53,4,137.93958792464687,conifer,1.3743160245202892,-0.9995738565275664,-0.35938566801128463,-0.3806465835052573,Public,OK2929_93
OK3019,111,2018,42,mixed conifer,trail,Public,828.32537841796875,0.55,5.25,72.32838387932777,conifer,-0.543666472380374,-0.42827660528903583,-1.4533595406259132,-0.4861762089341596,Public,OK3019_111
OK3304,122,2018,52,Grassland,trail,Public,985.82586669921875,2.1,4.6,325.2330230120445,other,-0.15988659660522195,-0.7253511759330719,0.276905257897224,-0.0794022101141918,Public,OK3304_122
OK3576,51,2018,42,mixed conifer,trail,Public,1756.2569580078125,0.58,7.8,1182.5740279527065,conifer,1.717415193010413,0.7371697872375664,-1.4198705445254654,1.2995524430230028,Public,OK3576_51
OK3599,68,2018,52,Burned,trail,Public,1192.5775146484375,1.3,4.8,529.0282246025558,other,0.34390309085637044,-0.6339436157349069,-0.6161346381147178,0.24838374658307175,Public,OK3599_68
OK3667,92,2018,42,mixed conifer,trail,Public,1361.924072265625,0.9,6,4307.858772961084,conifer,0.7565481661479303,-0.08549825454591746,-1.0626545861206889,6.3262873322591355,Public,OK3667_92
OK3725,78,2018,52,Grassland,trail,Public,852.0980224609375,0.9,2.8,549.3068109547227,other,-0.48573990670925293,-1.5480192177165557,-1.0626545861206889,0.2809999994488731,Public,OK3725_78
OK3913,102,2018,42,mixed conifer,road,Public,811.10272216796875,2.65,8,5.150535507976304,conifer,-0.585632747839407,0.8285773474357314,0.8908701864054337,-0.5942256385841872,Public,OK3913_102
OK4093,88,2018,42,mixed conifer,trail,Public,1763.1668701171875,2.21,5.75,6.364764914456497,conifer,1.734252507230148,-0.19975770479362356,0.3996982435988658,-0.5922726615535858,Public,OK4093_88
OK4108,89,2018,52,mixed conifer,trail,Public,1080.5697021484375,0.49,7.7,618.4476816863162,conifer,0.07097476640358891,0.6914660071384842,-1.520337532826809,0.3922067711626405,Public,OK4108_89
OK4132,42,2018,22,mixed conifer,trail,Public,1426.4913330078125,0.55,11.6,1335.2333416361091,conifer,0.9138785692291536,2.4739134310026993,-1.4533595406259132,1.545090997385078,Public,OK4132_42
OK4190,63,2018,52,Burned,trail,Public,1797.3343505859375,0.7,2.4,24.158957182165075,other,1.8175080675966095,-1.7308343381128857,-1.2859145601236743,-0.5636523295212075,Public,OK4190_63
OK4196,55,2018,71,Burned,trail,Public,1509.558349609375,1.8,4.9,894.736501574921,other,1.1162871437056514,-0.5882398356358242,-0.05798470310725424,0.8365920876232068,Public,OK4196_55
OK4295,47,2018,42,mixed conifer,road,Public,1073.470703125,1.13,3.4,235.75222740116183,conifer,0.05367670597803841,-1.273796537122061,-0.8059056160172556,-0.22332389210884335,Public,OK4295_47
OK4494,87,2018,52,Burned,trail,Public,1229.8182373046875,1.2,3.6,428.619398276406,other,0.4346471899430395,-1.1823889769238962,-0.7277646251162107,0.08688532590730837,Public,OK4494_87
OK4505,83,2018,52,Grassland,trail,Private,470.7572021484375,2.4,6.5,135.32681142829168,other,-1.4149492967537185,0.14302064594949476,0.611795218901702,-0.38484899571521086,Private,OK4505_83
OK4636,53,2018,42,mixed conifer,trail,Public,1425.662841796875,2,4.9,2355.5831763057336,conifer,0.91185979292259,-0.5882398356358242,0.16527527089573116,3.186230455590309,Public,OK4636_53
OK4655,74,2018,52,Shrub-steppe,trail,Public,739.49639892578125,0.3,5.3,350.26872028124023,other,-0.7601151646147056,-0.40542471523949464,-1.732434508129645,-0.03913457909579554,Public,OK4655_74
OK4794,71,2018,52,Grassland,trail,Public,407.2745361328125,0.1,1,423.7894214918357,other,-1.5696368786350277,-2.37068725950004,-1.9556944821326303,0.07911674966606254,Public,OK4794_71
OK4865,67,2018,42,mixed conifer,trail,Public,1516.8494873046875,1.9,6.9,16.162696727897817,conifer,1.134053386524974,0.32583576634582473,0.05364528389423833,-0.5765135836751155,Public,OK4865_67
OK4880,94,2018,52,mixed conifer,road,Public,1104.7762451171875,0.5,10.5,10.249935918871488,conifer,0.12995860927843478,1.9711718499127928,-1.5091745341266596,-0.5860237190629107,Public,OK4880_94
OK4885,91,2018,42,Burned,trail,Public,535.39312744140625,0.3,3.1,168.42047360763817,other,-1.2574515794434629,-1.4109078774193082,-1.732434508129645,-0.33162086456485407,Public,OK4885_91
OK4965,96,2018,71,Burned,trail,Public,1739.6397705078125,3.07,5.45,238.81731259868883,other,1.6769242572420464,-0.33686904509087084,1.359716131811703,-0.2183939826900301,Public,OK4965_96
OK4990,58,2018,52,Shrub-steppe,trail,Private,340.46173095703125,0.52,3.5,17.148181838953818,other,-1.7324389775387636,-1.2280927570229785,-1.486848536726361,-0.5749285209385184,Private,OK4990_58
OK5020,97,2018,42,Burned,trail,Public,1794.3946533203125,1.1,3.6,2225.24272824901,other,1.8103449364614004,-1.1823889769238962,-0.8393946121177033,2.9765897568437865,Public,OK5020_97
OK5056,65,2018,42,mixed conifer,road,Public,1447.7841796875,2.25,5.3,12.47593402597357,conifer,0.9657626372901836,-0.40542471523949464,0.44435023839946297,-0.5824434045439808,Public,OK5056_65
OK5309,75,2018,42,mixed conifer,trail,Public,1392.621826171875,2.4,3,1213.015002679784,conifer,0.8313490782548125,-1.4566116575183907,0.611795218901702,1.348513968838324,Public,OK5309_75
OK5334,100,2018,52,Grassland,trail,Public,684.672607421875,0.55,2.4,207.09221894548756,other,-0.8937037529581283,-1.7308343381128857,-1.4533595406259132,-0.2694208964410212,Public,OK5334_100
OK5453,50,2018,42,Burned,trail,Private,870.540283203125,1.25,6.1,589.109418451621,other,-0.4408018330950883,-0.03979447444683517,-0.6719496316154643,0.345018856004836,Private,OK5453_50
OK5552,103,2018,52,Grassland,trail,Private,977.03851318359375,1.8,8.6,820.1804448531884,other,-0.18129865365609768,1.102800028030226,-0.05798470310725424,0.7166754841439303,Private,OK5552_103
OK5637,70,2018,42,mixed conifer,trail,Public,1291.08642578125,1.25,8.3,29.201407261287393,conifer,0.5839387763952384,0.9656886877329792,-0.6719496316154643,-0.555542009403836,Public,OK5637_70
OK5700,108,2018,21,mixed conifer,road,Public,1012.5673828125,3,3.4,0.46586383897798456,conifer,-0.09472580984202264,-1.273796537122061,1.2815751409106584,-0.6017605048266251,Public,OK5700_108
OK5930,72,2018,52,Burned,trail,Public,872.681640625,1.75,5.2,250.9910302628322,other,-0.4355840087294275,-0.45112849533857696,-0.11379969660800066,-0.1988136703963112,Public,OK5930_72
OK6198,46,2018,52,Shrub-steppe,trail,Private,527.18304443359375,2.1,6.3,175.24938816961645,other,-1.2774570071803943,0.05161308575132979,0.276905257897224,-0.32063717959370536,Private,OK6198_46
OK6299,86,2018,42,Burned,trail,Public,783.084228515625,2.4,5,867.8749984603627,other,-0.6539051330913292,-0.5425360555367419,0.611795218901702,0.7933878147648905,Public,OK6299_86
OK6316,62,2018,42,Burned,trail,Public,864.9093017578125,0.75,5.1,354.8193440032613,other,-0.4545227896658083,-0.4968322754376596,-1.230099566622928,-0.03181531672528553,Public,OK6316_62
OK6317,73,2018,52,Burned,trail,Public,841.8399047851564,0.9,6,1242.1185547354532,other,-0.5107357601841205,-0.08549825454591746,-1.0626545861206889,1.3953243725151705,Public,OK6317_73
OK6562,66,2018,42,mixed conifer,trail,Public,1693.1942138671875,0.95,5.7,1422.2916221224168,conifer,1.5637508305919854,-0.22260959484316473,-1.0068395926199425,1.6851162851980948,Public,OK6562_66
OK6576,52,2018,52,mixed conifer,trail,Public,954.8880615234376,1.65,2.6,1332.100518918971,conifer,-0.235272439256801,-1.6394267779147205,-0.22542968360949348,1.5400521383565744,Public,OK6576_52
OK6576,64,2018,52,Riparian,trail,Public,954.8880615234376,2.8,5.1,1331.1715824508112,other,-0.235272439256801,-0.4968322754376596,1.058315166907673,1.5385580289440353,Public,OK6576_64
OK6771,16,2018,52,Grassland,road,Private,539.62103271484375,3,4,86.46893753007497,other,-1.2471494846478488,-0.9995738565275664,1.2815751409106584,-0.4634324207072293,Private,OK6771_16
OK6956,77,2018,42,mixed conifer,road,Public,1129.71142578125,2.2,3.8,10.681443358145687,conifer,0.19071791638989163,-1.0909814167257312,0.3885352448987168,-0.5853296787827638,Public,OK6956_77
OK7165,90,2018,23,Riparian,trail,Public,1079.3896484375,1.9,5.9,13.666213892749594,other,0.06809934124437995,-0.13120203464499974,0.05364528389423833,-0.5805289481592195,Public,OK7165_90
OK7237,99,2018,42,mixed conifer,trail,Public,1462.8045654296875,2.8,6.2,602.279295278948,conifer,1.0023626620719344,0.00590930565224751,1.058315166907673,0.36620139927248624,Public,OK7237_99
OK7371,41,2018,81,Shrub-steppe,trail,Private,480.2083740234375,1.4,5.37,227.6782517712272,other,-1.3919197200984383,-0.3734320691701368,-0.5045046511132253,-0.23631014402033945,Private,OK7371_41
OK7439,126,2018,42,Burned,trail,Public,801.13421630859375,1.1,5.9,1122.594431049499,other,-0.6099229070771562,-0.13120203464499974,-0.8393946121177033,1.2030807430035977,Public,OK7439_126
OK7440,123,2018,42,Burned,trail,Public,703.48876953125,1.9,6.2,983.9488779162184,other,-0.8478545975954733,0.00590930565224751,0.05364528389423833,0.980082041753854,Public,OK7440_123
OK7658,43,2018,71,Grassland,trail,Private,521.4925537109375,1.2,2.4,290.4789991630325,other,-1.2913229694162756,-1.7308343381128857,-0.7277646251162107,-0.13530088126797976,Private,OK7658_43
OK7825,125,2018,42,Burned,road,Public,855.41278076171875,2,4.75,2.2296481299030693,other,-0.4776628680741294,-0.656795505784448,0.16527527089573116,-0.5989236189888018,Public,OK7825_125
OK7945,45,2018,81,Riparian,trail,Private,440.7420349121094,1.8,7.1,162.2859774208899,other,-1.4880869567002608,0.41724332654398927,-0.05798470310725424,-0.3414876410430821,Private,OK7945_45
OK8036,101,2018,71,Grassland,road,Private,807.84429931640625,0.81,4.9,914.4019816799936,other,-0.5935725144448446,-0.5882398356358242,-1.1631215744220322,0.8682222151229915,Private,OK8036_101
OK8125,76,2018,42,Burned,trail,Public,747.80877685546875,2.2,5,505.53795708254574,other,-0.7398604758574558,-0.5425360555367419,0.3885352448987168,0.21060179807776572,Public,OK8125_76
OK8607,57,2018,52,Shrub-steppe,trail,Public,652.02362060546875,1.6,9.75,258.6730647984706,other,-0.9732592149209508,1.6283934991696742,-0.28124467711023965,-0.18645781991507548,Public,OK8607_57
NE1380,106,2019,42,mixed conifer,trail,Public,1169.8331298828125,1.23,7,722.7799704300478,conifer,0.2884820743554777,0.371539546444907,-0.6942756290157628,0.5600157225676646,Public,NE1380_106
NE1538,6,2019,42,mixed conifer,road,Private,498.9289245605469,0.69,3.07,48.89978691625386,conifer,-1.346303540504476,-1.4246190114490331,-1.2970775588238237,-0.5238589659847719,Private,NE1538_6
NE1945,79,2019,42,mixed conifer,road,Public,1215.18505859375,2.97,5.67,16.005470491595453,conifer,0.3989906686892718,-0.23632072887288957,1.2480861448102107,-0.5767664677071341,Public,NE1945_79
NE1990,123,2019,42,mixed conifer,road,Public,1204.2667236328125,1.75,1.75,320.1182264264625,conifer,0.372386070311789,-2.0279089087569213,-0.11379969660800066,-0.0876288929753792,Public,NE1990_123
NE1999,69,2019,42,mixed conifer,trail,Public,833.11444091796875,1.43,7.32,394.82487775091465,conifer,-0.5319970113432284,0.517791642761971,-0.4710156550127774,0.03252992815937015,Public,NE1999_69
NE2298,30,2019,42,mixed conifer,road,Public,807.753662109375,3.5,6,16.07050770452037,conifer,-0.5937933692271672,-0.08549825454591746,1.839725075918122,-0.5766618612939648,Public,NE2298_30
NE2383,120,2019,42,mixed conifer,road,Private,1340.7633056640625,2.27,6,219.14022270632935,conifer,0.7049859363016788,-0.08549825454591746,0.46667623579976153,-0.25004278347163494,Private,NE2383_120
NE2484,66,2019,42,Riparian,trail,Public,1192.2403564453125,1.95,4.4,151.01634770945248,other,0.3430815408108822,-0.8167587361312364,0.10946027739498476,-0.35961381049043684,Public,NE2484_66
NE2542,39,2019,42,Riparian,trail,Private,605.70904541015625,1.75,5.49,466.4113385206325,other,-1.086113480383898,-0.3185875330512378,-0.11379969660800066,0.14767020794437577,Private,NE2542_39
NE2775,18,2019,42,mixed conifer,road,Public,826.02960205078125,1.25,6.57,800.9079477409452,conifer,-0.5492605678566586,0.1750132920188526,-0.6719496316154643,0.6856774338729763,Public,NE2775_18
NE2864,20,2019,42,mixed conifer,trail,Public,632.84942626953125,1.35,6.92,213.23515372291092,conifer,-1.01998078385472,0.334976522365641,-0.5603196446139714,-0.2595405472609041,Public,NE2864_20
NE2878,35,2019,42,mixed conifer,trail,Public,807.968994140625,2.38,7.32,38.311901903038155,conifer,-0.5932686718049219,0.517791642761971,0.5894692215014034,-0.5408886113904128,Public,NE2878_35
NE2889,81,2019,52,mixed conifer,road,Private,1241.5030517578125,2.65,10.5,131.3174647084197,conifer,0.4631194612878,1.9711718499127928,0.8908701864054337,-0.39129766349564726,Private,NE2889_81
NE2969,37,2019,52,mixed conifer,trail,Private,616.74615478515625,1.61,7.15,406.2853074504605,conifer,-1.0592194655711291,0.4400952165935309,-0.27008167841009034,0.05096298195018263,Private,NE2969_37
NE3003,56,2019,42,mixed conifer,road,Public,915.33819580078125,1.76,5.75,382.0387947785447,conifer,-0.33164320432300626,-0.19975770479362356,-0.10263669790785136,0.01196468223208813,Public,NE3003_56
NE3057,54,2019,52,mixed conifer,road,Private,914.174072265625,1.27,6.24,159.47212678348018,conifer,-0.3344798125810797,0.0241908176918805,-0.6496236342151657,-0.3460134626325414,Private,NE3057_54
NE3147,40,2019,95,Riparian,road,Private,478.29595947265625,2.47,7.99,888.2063701105179,other,-1.3965796816435658,0.8240069694258233,0.6899362098027472,0.8260889679584015,Private,NE3147_40
NE3464,10,2019,42,mixed conifer,road,Private,901.46807861328125,0.97,5.52,0.02905488496008071,conifer,-0.3654403811400082,-0.30487639902151337,-0.984513595219644,-0.6024630721087262,Private,NE3464_10
NE3488,118,2019,42,mixed conifer,trail,Public,808.98663330078125,1.58,6.95,688.5135053897533,conifer,-0.590789000568784,0.34868765639536586,-0.3035706745105382,0.5049012451991787,Public,NE3488_118
NE3589,60,2019,42,mixed conifer,road,Public,750.5001220703125,2.31,8.52,6.815800573653723,conifer,-0.7333025016981862,1.06623700395096,0.5113282306003586,-0.5915472119163975,Public,NE3589_60
NE3597,113,2019,42,mixed conifer,road,Public,1197.4073486328125,1.14,6.33,1.4690971572684246,conifer,0.35567189936462135,0.06532421978105464,-0.7947426173171064,-0.6001468957207191,Public,NE3597_113
NE3654,88,2019,42,mixed conifer,road,Private,605.031982421875,2.32,6.07,570.2047937655218,conifer,-1.087763273044036,-0.05350560847655962,0.5224912293005077,0.3146124949110808,Private,NE3654_88
NE3685,29,2019,42,mixed conifer,road,Private,836.77947998046875,2.9,6.78,19.526711488718806,conifer,-0.5230664470544015,0.27099123022692573,1.1699451539091656,-0.5711028733732357,Private,NE3685_29
NE4174,101,2019,42,mixed conifer,road,Public,1050.480712890625,1.53,6.98,3.3937664193711448,conifer,-0.00234277492963291,0.3623987904250907,-0.35938566801128463,-0.5970512411102058,Public,NE4174_101
NE4379,3,2019,52,mixed conifer,trail,Private,747.57257080078125,1.95,7.32,117.17313509961384,conifer,-0.7404360368053269,0.517791642761971,0.10946027739498476,-0.4140475250060261,Private,NE4379_3
NE4422,114,2019,42,mixed conifer,road,Private,714.15679931640625,2.62,7.81,339.29728619399344,conifer,-0.8218599153542229,0.7417401652474747,0.8573811903049862,-0.05678112813405611,Private,NE4422_114
NE4425,116,2019,42,mixed conifer,trail,Private,632.50640869140625,1.44,5.32,155.5074195163759,conifer,-1.0208166113810857,-0.3962839592196779,-0.4598526563126281,-0.35239033193284824,Private,NE4425_116
NE4470,23,2019,42,mixed conifer,trail,Private,966.77703857421875,1.67,5.13,193.1856637564662,conifer,-0.20630268693771792,-0.4831211414079348,-0.20310368620919492,-0.29178831952763473,Private,NE4470_23
NE4672,82,2019,42,Riparian,trail,Private,1003.1555786132813,0.64,4.91,246.98024562749296,other,-0.11765945967265767,-0.583669457625916,-1.3528925523245696,-0.20526465093236404,Private,NE4672_82
NE4882,5,2019,42,mixed conifer,road,Private,1162.713134765625,2.11,7.6,23.842176458835855,conifer,0.27113285295678313,0.6457622270394014,0.288068256597373,-0.5641618423637539,Private,NE4882_5
NE5305,84,2019,42,mixed conifer,trail,Private,553.494140625,1.73,8.47,121.83707738933654,conifer,-1.213345020366649,1.0433851139014192,-0.1361256940082992,-0.4065460000756728,Private,NE5305_84
NE5337,15,2019,42,Riparian,trail,Private,786.795166015625,0.93,3.57,129.08888349836454,other,-0.6448627285356293,-1.196100110953621,-1.029165590020241,-0.39488213269960465,Private,NE5337_15
NE5627,48,2019,42,mixed conifer,road,Private,1496.639404296875,1.11,7.55,6.24796599009092,conifer,1.0848076779510842,0.6229103369898603,-0.8282316134175539,-0.5924605219490494,Private,NE5627_48
NE5627,94,2019,42,mixed conifer,road,Private,1446.6500244140625,2.41,5.58,1.1985557769624078,conifer,0.962999052397848,-0.2774541309620637,0.6229582176018514,-0.6005820368058757,Private,NE5627_94
NE5645,2,2019,42,mixed conifer,road,Private,886.638671875,0.6,5.19,510.6175152232795,conifer,-0.40157504927941046,-0.4556988733484851,-1.3975445471251668,0.21877180312089384,Private,NE5645_2
NE5684,13,2019,42,mixed conifer,road,Public,1004.9454345703124,1.42,6.15,120.05874848335831,conifer,-0.11329813543588296,-0.01694258439729363,-0.48217865371292673,-0.40940627959756126,Public,NE5684_13
NE5830,83,2019,42,mixed conifer,road,Private,1192.952880859375,2.28,7.6,1.730997993606971,conifer,0.34481774197508025,0.6457622270394014,0.47783923449991056,-0.5997256521608656,Private,NE5830_83
NE5891,8,2019,42,mixed conifer,road,Public,1169.8680419921875,2.6,7.44,7.984628295039533,conifer,0.2885671443457057,0.5726361788808699,0.8350551929046875,-0.5896672593469618,Public,NE5891_8
NE5938,11,2019,42,mixed conifer,road,Private,727.7158813476564,1.67,6.36,183.1368818349337,conifer,-0.7888206348137973,0.07903535381077949,-0.20310368620919492,-0.3079508668795105,Private,NE5938_11
NE6078,131,2019,52,Riparian,trail,Private,594.95751953125,2.44,9.06,377.5043548786171,other,-1.1123116167276517,1.3130374164860057,0.6564472137022991,0.00467145006035869,Private,NE6078_131
NE6230,25,2019,52,mixed conifer,road,Private,839.89910888671875,2.63,8.26,0.4403472005547402,conifer,-0.515464878277248,0.9474071756933458,0.8685441890051352,-0.6018015460075361,Private,NE6230_25
NE6235,22,2019,52,mixed conifer,road,Private,755.2930297851564,0.85,6.35,2.8701764150525837,conifer,-0.721623671064215,0.07446497580087094,-1.118469579621435,-0.5978933877807027,Private,NE6235_22
NE6321,21,2019,52,mixed conifer,road,Private,904.5875244140624,1.24,6.23,0.6401542358636094,conifer,-0.357839258534132,0.01962043968197235,-0.6831126303156135,-0.60148017465182,Private,NE6321_21
NE6324,34,2019,42,Riparian,trail,Public,782.2880249023436,1.87,5.12,9.286839337855762,other,-0.655845234529308,-0.48769151941784294,0.02015628779379073,-0.5875727718950495,Public,NE6324_34
NE6422,33,2019,42,Riparian,road,Private,787.1861572265625,0.83,4.97,3.715201623748992,other,-0.6439100041345797,-0.5562471895664668,-1.1407955770217335,-0.5965342419602706,Private,NE6422_33
NE6528,27,2019,42,Riparian,road,Private,960.55615234375,1.55,4.4,0.5590960105204351,other,-0.22146105864052407,-0.8167587361312364,-0.337059670610986,-0.6016105493992868,Private,NE6528_27
NE6598,95,2019,42,Riparian,road,Private,908.7158203125,2.84,5.24,28.4942718098288,other,-0.34777988091343404,-0.43284698329894394,1.10296716170827,-0.5566793721516432,Private,NE6598_95
NE6684,130,2019,52,mixed conifer,road,Private,934.6434326171876,2.19,6.46,200.67144268033357,conifer,-0.284602325478364,0.12473913390986176,0.3773722461985672,-0.27974812826192275,Private,NE6684_130
NE7037,119,2019,42,mixed conifer,trail,Private,779.7127685546875,1.54,6.84,175.00879011655087,conifer,-0.6621203360986937,0.29841349828637503,-0.3482226693111353,-0.32102415957354835,Private,NE7037_119
NE7103,65,2019,42,mixed conifer,road,Private,813.7154541015625,2.88,5.4,3.833686112929116,conifer,-0.5792663298819095,-0.359720935140412,1.147619156508867,-0.5963436704878483,Private,NE7103_65
NE7115,28,2019,42,mixed conifer,trail,Public,684.41119384765625,2.52,11.6,39.507606102659565,conifer,-0.8943407368185241,2.4739134310026993,0.7457512033034933,-0.5389654304620053,Public,NE7115_28
NE7422,115,2019,42,Riparian,trail,Private,608.3570556640625,1.98,5.16,436.89002973725945,other,-1.0796611000936176,-0.4694100073782099,0.1429492734954326,0.10018788075025103,Private,NE7422_115
NE7479,9,2019,42,mixed conifer,road,Public,432.9002380371094,2.12,10.4,7.056434639034074,conifer,-1.5071949852745428,1.9254680698137103,0.29923125529752254,-0.5911601740140373,Public,NE7479_9
OK1404,24,2019,90,Riparian,trail,Public,1743.1202392578125,2.31,7.75,1560.4940121702843,other,1.6854050808832346,0.7143178971880253,0.5113282306003586,1.9074021991260988,Public,OK1404_24
OK1979,107,2019,42,Burned,trail,Public,1994.6409912109375,3.15,7.25,1225.8340584973528,other,2.298283199502595,0.4857989966926131,1.4490201214128973,1.3691322485736843,Public,OK1979_107
OK2076,19,2019,42,Burned,trail,Public,2058.785888671875,3.09,5.98,707.6646405820136,other,2.454584434170571,-0.09463901056573376,1.3820421292120018,0.5357040959132358,Public,OK2076_19
OK2145,112,2019,42,Burned,trail,Public,1443.9921875,2.39,4.65,380.2290578350202,other,0.956522727582346,-0.7024992858835303,0.6006322202015529,0.00905388575222065,Public,OK2145_112
OK2165,74,2019,42,Burned,trail,Public,1687.50634765625,2.19,8.5,297.11307974902667,other,1.549891263477747,1.0570962479311437,0.3773722461985672,-0.12463056894111636,Public,OK2165_74
OK2436,93,2019,52,Burned,road,Public,1557.061767578125,3.03,6.5,821.5987744238521,other,1.2320382505491236,0.14302064594949476,1.315064137011106,0.718956737635689,Public,OK2436_93
OK2453,59,2019,42,Burned,trail,Public,1802.9853515625,2.9,6.35,1003.688252858548,other,1.8312778055603276,0.07446497580087094,1.1699451539091656,1.011831022346039,Public,OK2453_59
OK2457,44,2019,42,Riparian,road,Public,1797.552734375,3.86,8.75,8.156179467896157,other,1.818040201206812,1.1713556981788498,2.2415930291234956,-0.5893913349636669,Public,OK2457_44
OK2525,16,2019,42,Burned,road,Public,1615.7611083984375,2.93,4.1,0.15187825039695443,other,1.3750703514266462,-0.953870076428484,1.2034341500096135,-0.6022655219503795,Public,OK2525_16
OK2820,100,2019,22,mixed conifer,road,Public,1348.393310546875,2.53,6.5,3.9730762464410874,conifer,0.7235778934317456,0.14302064594949476,0.7569142020036423,-0.5961194741971074,Public,OK2820_100
OK2823,26,2019,52,mixed conifer,road,Public,1193.064453125,3.26,6.95,18.056113512606675,conifer,0.3450896090067878,0.34868765639536586,1.5718131071145391,-0.5734681958182929,Public,OK2823_26
OK3112,122,2019,42,mixed conifer,trail,Public,1148.3404541015625,2.03,6.45,324.1747396285982,conifer,0.236111084707024,0.12016875589995364,0.19876426699617877,-0.08110436221881676,Public,OK3112_122
OK3408,90,2019,42,mixed conifer,road,Public,1110.4423828125,1.78,10.82,9.6126613767386,conifer,0.14376523073441924,2.1174239462298567,-0.0803107005075528,-0.5870487169227306,Public,OK3408_90
OK3410,75,2019,42,Burned,trail,Public,1250.1900634765625,3.58,7.41,113.47723273106736,other,0.48428701647864986,0.5589250448511451,1.9290290655193163,-0.4199920461933694,Public,OK3410_75
OK3485,50,2019,42,mixed conifer,trail,Public,675.13323974609375,2.16,6.35,344.87125359800706,conifer,-0.9169482354453656,0.07446497580087094,0.34388325009811965,-0.04781591097553282,Public,OK3485_50
OK3562,132,2019,42,mixed conifer,trail,Public,1658.0108642578125,2.13,5.14,670.1830147911544,conifer,1.4780199119784008,-0.47855076339802666,0.31039425399767157,0.4754183263144404,Public,OK3562_132
OK3712,110,2019,22,mixed conifer,road,Public,1268.565185546875,2.3,6.41,22.433192601830385,conifer,0.5290614939577607,0.10188724386032064,0.5001652319002091,-0.5664280641292081,Public,OK3712_110
OK3778,92,2019,52,Shrub-steppe,trail,Public,685.09539794921875,1.85,6.52,350.3374048459591,other,-0.8926735434785669,0.15216140196931105,-0.00216970960650782,-0.03902410625060095,Public,OK3778_92
OK3792,68,2019,52,Burned,road,Public,1123.240478515625,2.42,6.41,71.27294140396418,other,0.1749502234458897,0.10188724386032064,0.6341212163020005,-0.4878737916977672,Public,OK3792_68
OK3877,57,2019,52,Shrub-steppe,trail,Public,960.71112060546875,1.71,4.48,28.227623573434517,other,-0.2210834490160681,-0.7801957120519705,-0.15845169140859777,-0.5571082514706163,Public,OK3877_57
OK3908,55,2019,42,mixed conifer,trail,Public,1140.234130859375,1.8,6.32,43.94772062118198,conifer,0.21635848736063024,0.0607538417711465,-0.05798470310725424,-0.5318239120457687,Public,OK3908_55
OK3940,47,2019,71,mixed conifer,trail,Public,2141.648681640625,2.26,8.68,1329.7137493998582,conifer,2.656495378948987,1.139363052109492,0.455513237099612,1.5362132377144964,Public,OK3940_47
OK3990,49,2019,71,mixed conifer,road,Public,1559.039794921875,2.19,5.64,4.0714246993150915,conifer,1.2368580901353263,-0.2500318629026144,0.3773722461985672,-0.5959612896988297,Public,OK3990_49
OK4182,91,2019,52,mixed conifer,trail,Public,1793.8677978515625,2.29,6.27,658.357992448469,conifer,1.8090611529725056,0.03790195172160494,0.4890022332000601,0.4563988585776489,Public,OK4182_91
OK4285,62,2019,42,Riparian,trail,Public,1622.3134765625,2.34,5.72,238.27298574249076,other,1.3910364418653407,-0.2134688388233484,0.5448172267008062,-0.2192694826916121,Public,OK4285_62
OK4306,78,2019,52,Grassland,trail,Public,698.953369140625,1.4,10.42,490.137110564612,other,-0.8589059626896338,1.9346088258335263,-0.5045046511132253,0.18583094395347677,Public,OK4306_78
OK4382,72,2019,71,Burned,trail,Public,1652.2032470703125,2.15,9.14,122.26099032435604,other,1.4638685488487302,1.3496004405652715,0.3327202513979701,-0.40586417486154974,Public,OK4382_72
OK4489,102,2019,52,mixed conifer,road,Public,1176.7445068359375,2.68,6.58,6.512437617447729,conifer,0.30532295794543246,0.17958367002876074,0.9243591825058818,-0.5920351435067903,Public,OK4489_102
OK4561,86,2019,42,Grassland,trail,Public,846.801025390625,1.34,5.59,438.0464491639851,other,-0.4986470468699599,-0.27288375295215556,-0.5714826433141207,0.10204787571173304,Public,OK4561_86
OK4574,63,2019,42,mixed conifer,road,Public,1540.7923583984375,2.41,8,9.292265227150608,conifer,1.192394742760336,0.8285773474357314,0.6229582176018514,-0.5875640448479966,Public,OK4574_63
OK4592,124,2019,42,Burned,trail,Private,562.72955322265625,2.34,4.27,98.92369078457683,other,-1.190841182199928,-0.876173650260044,0.5448172267008062,-0.4434000883505615,Private,OK4592_124
OK4602,121,2019,52,Shrub-steppe,road,Private,412.0110778808594,1.19,5.62,496.14610992848714,other,-1.558095394392622,-0.2591726189224307,-0.7389276238163599,0.19549587026140192,Private,OK4602_121
OK4724,42,2019,42,Burned,trail,Public,1487.7139892578125,2.81,5.69,1582.23703610368,other,1.0630592077570342,-0.22717997285307287,1.0694781656078225,1.942373866004792,Public,OK4724_42
OK4769,125,2019,42,mixed conifer,trail,Public,1610.5106201171875,2.65,4.95,113.54606551196603,conifer,1.3622765387704041,-0.565387945586283,0.8908701864054337,-0.4198813349559952,Public,OK4769_125
OK4836,14,2019,42,mixed conifer,road,Public,1158.1024169921875,1.82,8,23.94378009049155,conifer,0.25989796274384414,0.8285773474357314,-0.03565870570695567,-0.5639984222079002,Public,OK4836_14
OK4944,96,2019,52,Shrub-steppe,trail,Private,642.4652099609375,0.8,4.7,27.310652581649844,other,-0.9965500992210398,-0.6796473958339891,-1.1742845731221814,-0.5585831155079439,Private,OK4944_96
OK4962,67,2019,42,Riparian,road,Public,1447.898193359375,1.93,9.61,4.59224242753729,other,0.9660404532722568,1.5644082070309586,0.08713427999468618,-0.5951236019810726,Public,OK4962_67
OK4986,70,2019,22,Agriculture,trail,Private,389.2898254394531,1.51,4.79,59.90760811916063,other,-1.6134600445888008,-0.638513993744815,-0.3817116654115832,-0.5061538915964295,Private,OK4986_70
OK5298,89,2019,42,Burned,trail,Public,1666.54150390625,2.77,5.05,3319.8330674564563,other,1.4988064368983345,-0.5196841654872008,1.024826170807225,4.737138281679125,Public,OK5298_89
OK5311,43,2019,42,mixed conifer,trail,Public,1191.7537841796875,2.49,5.4,509.28476981448273,conifer,0.3418959150030197,-0.359720935140412,0.7122622072030457,0.21662820393187016,Public,OK5311_43
OK5599,58,2019,42,mixed conifer,trail,Public,1137.5802001953125,2.45,7.8,103.77653478120328,conifer,0.2098916808657133,0.7371697872375664,0.6676102124024486,-0.43559473228858225,Public,OK5599_58
OK5719,96,2019,22,Riparian,trail,Private,569.90411376953125,0.78,2.54,301.801002499901,other,-1.1733590017605624,-1.66684904597417,-1.19661057052248,-0.11709047363060066,Private,OK5719_96
OK5899,108,2019,90,mixed conifer,road,Public,857.580322265625,1.73,6.81,255.9817670794016,conifer,-0.4723812412157975,0.2847023642566502,-0.1361256940082992,-0.19078652633562584,Public,OK5899_108
OK5917,117,2019,52,Burned,road,Public,1349.9317626953125,2.3,7.85,509.1025362245195,other,0.7273266245046235,0.7600216772871076,0.5001652319002091,0.2163350978569368,Public,OK5917_117
OK6033,73,2019,52,Riparian,road,Private,436.1945495605469,1.81,4.25,54.26825930321304,other,-1.4991677690987308,-0.8853144062798602,-0.04682170440710496,-0.5152242687807715,Private,OK6033_73
OK6192,97,2019,71,Shrub-steppe,trail,Public,1311.6419677734375,1.77,4.82,726.218861007426,other,0.6340262614458595,-0.6248028597150902,-0.09147369920770208,0.5655468637774957,Public,OK6192_97
OK6276,87,2019,42,mixed conifer,trail,Public,1233.02392578125,1.99,7.2,14.135493949943504,conifer,0.4424584592205803,0.462947106643072,0.15411227219558188,-0.5797741540752286,Public,OK6276_87
OK6286,52,2019,52,mixed conifer,trail,Public,987.09649658203125,1.25,10,285.91144845349424,conifer,-0.1567904653874495,1.7426529494173804,-0.6719496316154643,-0.1426473691509357,Public,OK6286_52
OK6473,61,2019,52,Shrub-steppe,trail,Public,1167.586181640625,1.91,8.9,416.5321161254611,other,0.283006957886505,1.2399113683274736,0.06480828259438762,0.06744403723713531,Public,OK6473_61
OK6477,77,2019,42,mixed conifer,trail,Public,934.35107421875,1.2,8.83,427.1286206268933,conifer,-0.28531471228464367,1.2079187222581158,-0.7277646251162107,0.08448754630182831,Public,OK6477_77
OK6590,80,2019,42,Riparian,trail,Public,907.4823608398436,2.11,5.32,120.78348202063373,other,-0.35078543936189033,-0.3962839592196779,0.288068256597373,-0.4082406119370256,Public,OK6590_80
OK6597,41,2019,52,Grassland,road,Private,769.61968994140625,0.64,6.9,697.7393630231163,other,-0.6867140405288472,0.32583576634582473,-1.3528925523245696,0.5197401940414632,Private,OK6597_41
OK7250,31,2019,52,Shrub-steppe,trail,Public,713.96142578125,0.98,3,1169.7979999875026,other,-0.8223359801072293,-1.4566116575183907,-0.9733505965194946,1.27900336965581,Public,OK7250_31
OK7270,1,2019,42,mixed conifer,road,Private,937.45050048828125,1.37,8.1,6.044049400133325,conifer,-0.2777623710717653,0.8742811275348137,-0.5379936472136728,-0.5927885031478413,Private,OK7270_1
OK7350,12,2019,71,Shrub-steppe,road,Public,887.7871704101564,0.91,10.46,14.648402280716194,other,-0.3987765143036768,1.95289033787316,-1.0514915874205395,-0.5789491879004207,Public,OK7350_12
OK7470,45,2019,52,Shrub-steppe,trail,Private,362.9233093261719,1.73,4.53,86.9964248085496,other,-1.6777070725758452,-0.7573438220024293,-0.1361256940082992,-0.46258400562742846,Private,OK7470_45
OK7536,38,2019,52,Grassland,trail,Public,590.55377197265625,1.65,9.36,478.8142904078525,other,-1.1230421846733476,1.4501487567832525,-0.22542968360949348,0.16761922253595304,Public,OK7536_38
OK7545,51,2019,52,Burned,trail,Private,1092.611572265625,1.74,5.9,580.9484386779701,other,0.1003170717393172,-0.13120203464499974,-0.12496269530814992,0.3318926658795739,Private,OK7545_51
OK7623,99,2019,42,mixed conifer,trail,Public,1064.9315185546875,2.77,6.73,81.50126472901158,conifer,0.03286935973182513,0.2481393401773846,1.024826170807225,-0.47142246840681823,Public,OK7623_99
OK8226,103,2019,71,Grassland,road,Public,676.9857177734375,1.44,8,0.11579159488171097,other,-0.9124343206317134,0.8285773474357314,-0.4598526563126281,-0.6023235640377778,Public,OK8226_103
OK8240,76,2019,52,Shrub-steppe,trail,Private,344.31683349609375,0.42,3.48,37.745913110692214,other,-1.7230452874639757,-1.2372335130427952,-1.5984785237278538,-0.5417989526365813,Private,OK8240_76
OK8420,71,2019,52,Shrub-steppe,trail,Public,451.4246520996094,2.38,6.29,127.94871801369057,other,-1.462056729480576,0.04704270774142165,0.5894692215014034,-0.39671598468076175,Public,OK8420_71
NE0675,29,2020,42,mixed conifer,road,Public,1181.49169921875,1.99,7.92,1761.168954039538,conifer,0.316890394483808,0.7920143233564655,0.15411227219558188,2.2301695032255866,Public,NE0675_29
NE0881,81,2020,42,mixed conifer,trail,Public,869.552978515625,1.45,7.62,477.7913629041108,conifer,-0.4432075886229338,0.6549029830592182,-0.44868965761247886,0.1659739371326212,Public,NE0881_81
NE2278,33,2020,42,mixed conifer,trail,Public,1051.3099365234375,1.53,5.36,861.092918843935,conifer,-3.2221393795954766e-4,-0.37800244718004494,-0.35938566801128463,0.7824794595233642,Public,NE2278_33
NE2450,113,2020,42,mixed conifer,road,Public,1033.57080078125,3.15,9.3,305.02939490383545,conifer,-0.04354698984683362,1.4227264887238036,1.4490201214128973,-0.111897899495101,Public,NE2450_113
NE2558,65,2020,42,Riparian,trail,Public,659.73052978515625,2.81,9.4,166.38703085062642,other,-0.954479865854368,1.468430268822886,1.0694781656078225,-0.3348914714010027,Public,NE2558_65
NE2794,120,2020,71,mixed conifer,road,Private,1690.839111328125,4.8,10,11.51793358731039,conifer,1.558012175621817,1.7426529494173804,3.290914906937527,-0.5839842606968876,Private,NE2794_120
NE2796,118,2020,52,mixed conifer,trail,Private,1473.8262939453125,1.57,9.65,220.50263382424805,conifer,1.0292191984974,1.582689719070592,-0.31473367321068746,-0.2478514697006695,Private,NE2796_118
NE2882,21,2020,42,mixed conifer,trail,Public,728.5537719726564,2.16,9.87,86.30789878792379,conifer,-0.7867789550483261,1.6832380352885727,0.34388325009811965,-0.4636914368064768,Public,NE2882_21
NE3081,20,2020,42,Grassland,trail,Private,1083.162353515625,2,6.71,202.4851021219463,other,0.07729225424432945,0.2389985841575679,0.16527527089573116,-0.27683102280236155,Private,NE3081_20
NE3309,84,2020,42,mixed conifer,road,Private,779.04278564453125,1.97,11.13,8.832588519330116,conifer,-0.6637528768027714,2.2591056645370124,0.13178627479528332,-0.5883033928221808,Private,NE3309_84
NE3468,15,2020,52,mixed conifer,road,Public,648.75714111328125,2.75,7.75,5.675055436968629,conifer,-0.9812186130625948,0.7143178971880253,1.0025001734069263,-0.5933819962148393,Public,NE3468_15
NE3485,66,2020,42,mixed conifer,trail,Public,907.96136474609375,1.68,10.52,800.7324320629903,conifer,-0.34961825530016116,1.9803126059326088,-0.1919406875090456,0.6853951329455509,Public,NE3485_66
NE3487,30,2020,42,mixed conifer,trail,Public,717.47772216796875,2.39,6.55,276.41820558392,conifer,-0.8137678556194261,0.1658725359990359,0.6006322202015529,-0.1579163827090437,Public,NE3487_30
NE3495,35,2020,42,mixed conifer,road,Public,1071.555419921875,1.34,10.97,11.177911695825244,conifer,0.04900975441623139,2.1859796163784804,-0.5714826433141207,-0.5845311548343777,Public,NE3495_35
NE3888,Rx6,2020,42,mixed conifer,road,Private,757.77996826171875,1.32,5.2,3.905113839849384,conifer,-0.7155637727743045,-0.45112849533857696,-0.5938086407144193,-0.5962287855169534,Private,NE3888_Rx6
NE4002,106,2020,42,mixed conifer,trail,Public,1258.604736328125,1.46,4.81,246.93710744675047,conifer,0.504790966256218,-0.6293732377249988,-0.4375266589123296,-0.20533403475364395,Public,NE4002_106
NE4073,6,2020,42,mixed conifer,road,Public,1259.0157470703125,1.83,4.37,4.502196958636174,conifer,0.5057924720502655,-0.8304698701609613,-0.02449570700680639,-0.5952684318884486,Public,NE4073_6
NE4276,2,2020,42,mixed conifer,trail,Public,1089.511962890625,1.75,6.89,297.12395040762937,conifer,0.09276428435516144,0.32126538833591617,-0.11379969660800066,-0.124613084480235,Public,NE4276_2
NE4299,94,2020,42,mixed conifer,road,Public,987.50653076171875,2.8,7.98,2.6303242873228223,conifer,-0.15579133917354834,0.8194365914159152,1.058315166907673,-0.5982791680078139,Public,NE4299_94
NE4308,11,2020,42,mixed conifer,road,Public,1263.0040283203125,1.09,8.31,10.873303493817328,conifer,0.5155106773674967,0.9702590657428872,-0.8505576108178525,-0.5850210892888386,Public,NE4308_11
NE4400,48,2020,42,mixed conifer,road,Public,980.698974609375,1,6.4,1.0656232593953414,conifer,-0.17237924364920626,0.09731686585041248,-0.951024599119196,-0.6007958466115376,Public,NE4400_48
NE4405,83,2020,42,mixed conifer,road,Public,1171.25244140625,1.22,8.07,61.0392969440993,conifer,0.2919404966505147,0.8605699935050893,-0.7054386277159121,-0.5043336735477657,Public,NE4405_83
NE4477,37,2020,42,mixed conifer,road,Private,732.21484375,0.95,4.7,83.9230883770791,conifer,-0.7778580578038433,-0.6796473958339891,-1.0068395926199425,-0.46752718640195073,Private,NE4477_37
NE4725,9,2020,42,mixed conifer,trail,Private,634.76220703125,1.52,4.84,31.566333317830583,conifer,-1.0153199299670377,-0.6156621036952739,-0.3705486667114339,-0.5517382419750037,Private,NE4725_9
NE4774,34,2020,52,mixed conifer,road,Public,970.887451171875,2.38,7.27,5.701712053483231,conifer,-0.19628688537844788,0.4949397527124294,0.5894692215014034,-0.5933391214833523,Public,NE4774_34
NE4780,115,2020,42,mixed conifer,road,Private,932.2940063476564,2.54,6.2,107.2498712346186,conifer,-0.29032714913893243,0.00590930565224751,0.7680772007037919,-0.4300081880351908,Private,NE4780_115
NE4931,Rx2,2020,42,Agriculture,trail,Private,675.5989990234375,1.35,5.73,230.578714995406,other,-0.9158133244393696,-0.20889846081343988,-0.5603196446139714,-0.23164501400067888,Private,NE4931_Rx2
NE5012,54,2020,42,mixed conifer,trail,Public,1046.5548095703125,0.69,5.11,386.6818074972653,conifer,-0.01190898456502332,-0.49226189742775106,-1.2970775588238237,0.01943254386026036,Public,NE5012_54
NE5194,74,2020,42,Riparian,road,Public,720.82366943359375,2.29,5.17,4.639026667098905,other,-0.8056148191433822,-0.4648396293683018,0.4890022332000601,-0.5950483538073994,Public,NE5194_74
NE5240,Rx10,2020,42,Riparian,road,Private,749.7529296875,1.73,5.91,250.56982248470743,other,-0.7351231779575758,-0.1266316566350916,-0.1361256940082992,-0.1994911446127963,Private,NE5240_Rx10
NE5314,13,2020,42,mixed conifer,road,Private,1051.3701171875,1.17,7.54,1.8316795066374696,conifer,-1.755723114477019e-4,0.6183399589799522,-0.7612536212166585,-0.5995637151485471,Private,NE5314_13
NE5372,130,2020,42,mixed conifer,trail,Private,507.5321044921875,2.52,7.87,434.94957038033033,conifer,-1.3253402573968045,0.7691624333069244,0.7457512033034933,0.09706682921528308,Private,NE5372_130
NE5400,Rx5,2020,42,mixed conifer,road,Public,904.89794921875,1.77,9.37,2.134564577002259,conifer,-0.357082849495147,1.4547191347931605,-0.09147369920770208,-0.5990765521938552,Public,NE5400_Rx5
NE5432,56,2020,42,mixed conifer,road,Private,903.76092529296875,2.79,9.11,576.0270017071285,conifer,-0.3598534244041624,1.3358893065355464,1.0471521682075238,0.32397698428735483,Private,NE5432_56
NE5443,69,2020,52,mixed conifer,road,Private,846.32733154296875,3.01,8.47,54.049639442443485,conifer,-0.4998012919646439,1.0433851139014192,1.2927381396108073,-0.5155758988469169,Private,NE5443_69
NE5593,27,2020,42,NA,road,Public,919.66827392578125,7.92,2.29,5.246867771020292,other,-0.32109214595459207,-1.7811084962218762,6.7737705013841,-0.5940706969429893,Public,NE5593_27
NE5737,101,2020,52,mixed conifer,road,Private,710.13458251953125,1.51,8.48,358.82072627884037,conifer,-0.8316608110815359,1.0479554919113274,-0.3817116654115832,-0.02537945902561517,Private,NE5737_101
NE5884,39,2020,52,mixed conifer,road,Public,886.34307861328125,2.69,5.65,6.092054212036666,conifer,-0.40229531844492455,-0.24546148489270583,0.9355221812060308,-0.5927112917951057,Public,NE5884_39
NE5920,8,2020,52,mixed conifer,road,Private,956.23614501953125,2.74,7.16,0.10103864053431634,conifer,-0.2319875775886802,0.44466559460343896,0.9913371747067776,-0.6023472928165573,Private,NE5920_8
NE5920,8b,2020,52,mixed conifer,road,Private,956.23614501953125,5.5,10,10.289954180868923,conifer,-0.2319875775886802,1.7426529494173804,4.072324815947977,-0.5859593533457995,Private,NE5920_8b
NE6090,22,2020,52,Burned,road,Private,1363.5426025390625,3,8.71,13.03365923784579,other,0.7604920227927996,1.1530741861392173,1.2815751409106584,-0.5815463545117869,Private,NE6090_22
NE6141,Rx15,2020,42,mixed conifer,road,Public,759.3997802734375,2.44,5.8,9.924198754937924,conifer,-0.7116167929304933,-0.17690581474408243,0.6564472137022991,-0.5865476375216305,Public,NE6141_Rx15
NE6304,82,2020,42,mixed conifer,road,Public,740.7626342773436,2.39,6,1.9052243677150196,conifer,-0.7570297415075913,-0.08549825454591746,0.6006322202015529,-0.5994454249608473,Public,NE6304_82
NE6392,131,2020,52,Burned,trail,Private,1250.577880859375,2.41,7.92,604.3275460859008,other,0.4852320072442242,0.7920143233564655,0.6229582176018514,0.3694958235036417,Private,NE6392_131
NE6482,88,2020,52,Riparian,road,Private,565.02728271484375,0.94,3.83,180.08446623736,other,-1.1852423275633508,-1.0772702826960066,-1.018002591320092,-0.31286039840468705,Private,NE6482_88
NE6789,23,2020,42,mixed conifer,trail,Private,926.24951171875,1,3.76,104.9184737570882,conifer,-0.30505570917782454,-1.1092629287653644,-0.951024599119196,-0.4337580278088936,Private,NE6789_23
NE6805,91,2020,52,mixed conifer,road,Private,954.4649658203124,3.3,10.01,7.294888276889393,conifer,-0.23630339235515813,1.7472233274272886,1.6164651019151364,-0.5907766431300797,Private,NE6805_91
NE6820,114,2020,42,Riparian,road,Private,683.8681640625,1.79,5.02,193.5939903357819,other,-0.895663932103591,-0.5333952995169257,-0.06914770180740352,-0.29113156354220743,Private,NE6820_114
NE6928,40,2020,42,mixed conifer,road,Public,887.57958984375,3.06,7.42,23.770290359964815,conifer,-0.39928232380851125,0.5634954228610533,1.348553133111554,-0.5642774645840407,Public,NE6928_40
NE7321,116,2020,42,mixed conifer,trail,Private,610.14825439453125,2.08,5.59,431.9110824840738,conifer,-1.0752965039341418,-0.27288375295215556,0.2545792604969254,0.0921796991248076,Private,NE7321_116
NE7412,28,2020,52,mixed conifer,road,Public,776.15191650390625,2.59,7.5,12.6542747169834,conifer,-0.670797028930669,0.6000584469403192,0.8238921942045381,-0.5821565598412376,Public,NE7412_28
NE7435,18,2020,42,mixed conifer,trail,Private,786.31427001953125,1.83,9.21,64.36074041318537,conifer,-0.64603452303389175,1.381593086634629,-0.02449570700680639,-0.49899143527800593,Private,NE7435_18
NE7511,95,2020,52,mixed conifer,trail,Public,712.0673828125,1.52,4.66,150.74899776138386,conifer,-0.8269511758008558,-0.6979289078736222,-0.3705486667114339,-0.36004381844850797,Public,NE7511_95
OK0635,D,2020,42,mixed conifer,trail,Public,1763.4000244140625,3.03,6.79,1204.848922367283,conifer,1.734820631990062,0.2755616082368339,1.315064137011106,1.335379574962465,Public,OK0635_D
OK1186,51,2020,21,Burned,road,Public,1442.2794189453125,2.61,4.91,0.03376662142356985,other,0.9523492414533647,-0.583669457625916,0.8462181916048366,-0.6024554937112353,Public,OK1186_51
OK1487,103,2020,21,mixed conifer,trail,Public,846.1834716796875,1.41,9.23,207.15333460762108,conifer,-0.5001518338649364,1.3907338426544458,-0.493341652413076,-0.269322597483905,Public,OK1487_103
OK1954,75,2020,42,Burned,trail,Public,1996.921630859375,2.87,6.17,1564.289603033073,other,2.303840411486613,-0.00780182837747733,1.136456157808718,1.9135070601457929,Public,OK1954_75
OK2077,24,2020,90,Riparian,trail,Public,2093.422607421875,2.48,8.51,263.8266115018616,other,2.5389833827972996,1.061666625941052,0.7010992085028962,-0.17816881103080695,Public,OK2077_24
OK2238,44,2020,42,Burned,trail,Public,1743.313720703125,2.51,5.39,168.6177015566677,other,1.6858765351997078,-0.36429131315032054,0.7345882046033438,-0.33130364143371294,Public,OK2238_44
OK2427,19,2020,52,mixed conifer,trail,Public,1806.421875,2.99,10.23,279.87419728847243,conifer,1.8396515480949351,1.8477716436452705,1.2704121422105092,-0.1523577358990431,Public,OK2427_19
OK2502,100,2020,42,mixed conifer,trail,Public,1853.6617431640625,2.44,9.08,5200.399461766438,conifer,1.9547604657464417,1.322178172505822,0.6564472137022991,7.761857459955997,Public,OK2502_100
OK2504,92,2020,42,Burned,trail,Public,1584.826171875,2.51,7.32,2762.6959254395965,other,1.2996914987917467,0.517791642761971,0.7345882046033438,3.8410341061032938,Public,OK2504_92
OK2519,31,2020,42,mixed conifer,trail,Public,1478.251953125,2.8,8.84,740.8398703513147,conifer,1.040003158272627,1.212489100268024,1.058315166907673,0.5890634210774854,Public,OK2519_31
OK2720,16,2020,42,mixed conifer,trail,Public,1136.96533203125,1.98,10.3,80.05148896514925,conifer,0.20839343771613897,1.879764289714628,0.1429492734954326,-0.47375430022643583,Public,OK2720_16
OK3021,46,2020,42,mixed conifer,trail,Public,686.9901123046875,2.17,5.17,51.57695375770902,conifer,-0.88805671182359,-0.4648396293683018,0.3550462487982687,-0.5195529877894274,Public,OK3021_46
OK3045,52,2020,42,mixed conifer,road,Public,1634.4840087890625,2.78,10.56,10.864506503328084,conifer,1.4206922568853355,1.9985941179722424,1.0359891695073742,-0.5850352384440742,Public,OK3045_52
OK3047,77,2020,42,mixed conifer,road,Public,1319.959228515625,0.91,7.18,0.6734919402496853,conifer,0.6542928481038405,0.4538063506232553,-1.0514915874205395,-0.6014265540010835,Public,OK3047_77
OK3135,38,2020,22,mixed conifer,trail,Public,1842.87255859375,2.9,5.24,19.170763063816604,conifer,1.9284705668432984,-0.43284698329894394,1.1699451539091656,-0.5716753838841844,Public,OK3135_38
OK3236,110,2020,52,mixed conifer,road,Public,1298.801025390625,0.91,7.3,14.802751016616696,conifer,0.6027368646554728,0.5086508867421542,-1.0514915874205395,-0.5787009320648205,Public,OK3236_110
OK3428,99,2020,42,Riparian,trail,Public,1135.955078125,1.08,7.12,22.53220943749287,other,0.20593176205485691,0.426384082563806,-0.8617206095180018,-0.5662688045982993,Public,OK3428_99
OK3576,47,2020,42,mixed conifer,trail,Public,1761.6480712890625,2.52,7.88,1281.032828385945,conifer,1.730551665207713,0.7737328113168325,0.7457512033034933,1.4579144252649676,Public,OK3576_47
OK3688,124,2020,52,Grassland,trail,Public,864.562744140625,2.03,12.42,394.65976024954705,other,-0.4553672431702041,2.8486844278151757,0.19876426699617877,0.03226435174868512,Public,OK3688_124
OK3733,14,2020,42,Burned,trail,Public,724.261474609375,1.47,8.81,86.54124453096843,other,-0.7972379534098327,1.1987779662382996,-0.4263636602121803,-0.46331612150450624,Public,OK3733_14
OK3786,55,2020,52,Shrub-steppe,trail,Public,895.5355224609375,1.05,8.4,515.4530648818901,other,-0.3798961818046379,1.0113924678320614,-0.8952096056184496,0.22654934282072256,Public,OK3786_55
OK3901,1,2020,42,mixed conifer,trail,Public,1929.42919921875,2.32,4.57,240.50713353825896,conifer,2.1393822735248555,-0.7390623099627963,0.5224912293005077,-0.21567606014327145,Public,OK3901_1
OK4005,122,2020,42,mixed conifer,trail,Public,1120.111572265625,2.03,7.81,269.91551303212213,conifer,0.16732604865734685,0.7417401652474747,0.19876426699617877,-0.16837536939059505,Public,OK4005_122
OK4095,45,2020,42,Riparian,trail,Public,1788.6353759765625,2.64,4.97,326.55053675992554,other,1.7963113625489684,-0.5562471895664668,0.8797071877052847,-0.07728310965971334,Public,OK4095_45
OK4361,107,2020,52,Grassland,trail,Public,569.880615234375,3.33,6.31,177.707284416042,other,-1.173416260407831,0.05618346376123794,1.6499540980155845,-0.3166838781110922,Public,OK4361_107
OK4473,26,2020,71,mixed conifer,trail,Public,1238.7696533203125,1.96,5.8,296.6516297222967,conifer,0.4564590164584831,-0.17690581474408243,0.12062327609513404,-0.1253727691367008,Public,OK4473_26
OK4480,67,2020,42,mixed conifer,road,Public,1705.4747314453125,2.51,6.13,6.297343329068036,conifer,1.5936746458259503,-0.02608334041711033,0.7345882046033438,-0.5923811030119523,Public,OK4480_67
OK4499,E,2020,52,Grassland,road,Public,753.80975341796875,1.45,13.15,593.9883646402074,other,-0.7252379558588304,3.1823220225384774,-0.44868965761247886,0.35286619505707556,Public,OK4499_E
OK4563,112,2020,52,mixed conifer,trail,Public,1164.3489990234375,1.75,4.2,214.4559980542922,conifer,0.2751189471492481,-0.9081662963294014,-0.11379969660800066,-0.2575769307281443,Public,OK4563_112
OK4678,72,2020,22,mixed conifer,road,Public,1268.940673828125,2.64,5.89,6.353888191714391,conifer,0.5299764425239888,-0.1357724126549083,0.8797071877052847,-0.5922901557680811,Public,OK4678_72
OK4723,49,2020,42,Burned,trail,Public,1676.5810546875,2.96,3.88,1504.7791198741336,other,1.5232697105917223,-1.0544183926464654,1.2369231461100612,1.817789886711236,Public,OK4723_49
OK4751,12,2020,52,Shrub-steppe,trail,Private,622.23834228515625,0.43,4.42,34.6608574307751,other,-1.0458367068286931,-0.8076179801114202,-1.587315525027705,-0.5467609827511953,Private,OK4751_12
OK4758,43,2020,52,mixed conifer,road,Public,1289.0369873046875,1.98,6.91,3.3163690015336433,conifer,0.578944930010842,0.33040614435573284,0.1429492734954326,-0.5971757277833648,Public,OK4758_43
OK4785,78,2020,42,Burned,trail,Public,609.50006103515625,2.89,4.37,430.21704253144617,other,-1.0768759502562064,-0.8304698701609613,1.1587821552090165,0.08945499068112613,Public,OK4785_78
OK4945,93,2020,22,Riparian,road,Public,744.7501220703125,2.57,5.9,10.336465005265849,other,-0.7473134695992288,-0.13120203464499974,0.8015661968042395,-0.585884544935431,Public,OK4945_93
OK5104,90,2020,42,mixed conifer,trail,Public,1545.3890380859375,2.39,4.3,3134.1488312902347,conifer,1.2035954265086728,-0.8624625162303191,0.6006322202015529,4.438482157686363,Public,OK5104_90
OK5141,96,2020,22,Grassland,road,Public,718.43218994140625,1.31,8.1,4.346715362722898,other,-0.8114421134739979,0.8742811275348137,-0.6049716394145686,-0.595518509825846,Public,OK5141_96
OK5215,63,2020,22,mixed conifer,road,Public,1130.3963623046875,2.31,7.48,1.5612151368049123,conifer,0.1923868944149585,0.590917690920503,0.5113282306003586,-0.5999987323693953,Public,OK5215_63
OK5332,73,2020,52,Grassland,trail,Public,784.4511108398436,1.52,2.43,163.24733783551935,other,-0.6505744645053934,-1.7171232040831608,-0.3705486667114339,-0.3399413806759054,Public,OK5332_73
OK5352,76,2020,52,mixed conifer,road,Public,1000.2109375,1.64,10.7,15.843668335662734,conifer,-0.12483463743235748,2.062579410110957,-0.23659268230964275,-0.5770267116876802,Public,OK5352_76
OK5641,41,2020,22,mixed conifer,road,Public,947.32000732421875,2.15,10.03,4.302314403783882,conifer,-0.25371344177134086,1.7563640834471048,0.3327202513979701,-0.5955899247104482,Public,OK5641_41
OK5927,89,2020,42,mixed conifer,trail,Public,852.2559814453125,1.24,5.6,131.87025749414417,conifer,-0.48535500962059913,-0.2683133749422474,-0.6831126303156135,-0.3904085468201324,Public,OK5927_89
OK5936,59,2020,71,Shrub-steppe,road,Private,575.7127685546875,1.75,6.09,551.4506463462916,other,-1.1592051103269865,-0.04436485245674333,-0.11379969660800066,0.28444816274880624,Private,OK5936_59
OK6102,57,2020,52,Shrub-steppe,trail,Private,511.1829223632813,1.46,5.61,20.111307265005557,other,-1.316444345743857,-0.2637429969323389,-0.4375266589123296,-0.5701626044939108,Private,OK6102_57
OK6377,A,2020,42,Grassland,trail,Public,1318.1812744140625,2.08,5.4,715.2633397288608,other,0.6499605250000979,-0.359720935140412,0.2545792604969254,0.5479259090377111,Public,OK6377_A
OK6406,C,2020,42,Grassland,trail,Private,730.7294311523436,0.79,4.93,752.7371391710858,other,-0.7814775479300287,-0.5745287016060998,-1.1854475718223307,0.6081990906699866,Private,OK6406_C
OK6480,117,2020,42,mixed conifer,trail,Public,1203.5516357421875,1.97,3.1,1010.1647697800232,conifer,0.370643622749707,-1.4109078774193082,0.13178627479528332,1.022247907918435,Public,OK6480_117
OK6482,89,2020,71,Shrub-steppe,trail,Public,591.11065673828125,2.11,11.84,18.748036049087023,other,-1.121685229094956,2.5836025032404972,0.288068256597373,-0.5723553016539037,Public,OK6482_89
OK6560,59,2020,42,mixed conifer,trail,Public,1947.9403076171875,2.86,7.88,1099.080007219239,conifer,2.1844881075393294,0.7737328113168325,1.1252931591085684,1.1652599412809257,Public,OK6560_59
OK6584,Rx20,2020,42,Grassland,road,Public,851.912109375,2.42,6.45,14.144639112095549,other,-0.4861929192795928,0.12016875589995364,0.6341212163020005,-0.5797594449176932,Public,OK6584_Rx20
OK6659,B,2020,42,mixed conifer,trail,Public,1521.8004150390625,2.61,5.11,730.8063513983643,conifer,1.1461172629713583,-0.49226189742775106,0.8462181916048366,0.572925422815675,Public,OK6659_B
OK6948,108,2020,42,mixed conifer,trail,Public,1753.41162109375,2.45,5.04,876.7919860776783,conifer,1.7104819888068332,-0.5242545434971089,0.6676102124024486,0.8077299744143234,Public,OK6948_108
OK7073,80,2020,42,mixed conifer,road,Public,1068.7816162109375,2.57,6.57,0.3042581936590746,conifer,0.04225085445836391,0.1750132920188526,0.8015661968042395,-0.6020204327378081,Public,OK7073_80
OK7142,61,2020,42,mixed conifer,road,Public,1511.762939453125,2.72,7.97,2.1582541068062784,conifer,1.1216590458857811,0.8148662134060066,0.969011177306479,-0.599038449750177,Public,OK7142_61
OK7151,86,2020,52,Grassland,trail,Public,724.56683349609375,2.28,5.09,98.9920346440369,other,-0.7964938884428563,-0.5014026534475677,0.47783923449991056,-0.44329016349863826,Public,OK7151_86
OK7732,132,2020,52,Shrub-steppe,trail,Public,514.44287109375,2.18,9.2,243.45342426783452,other,-1.308500861044441,1.3770227086247204,0.3662092474984182,-0.21093722076940483,Public,OK7732_132
OK7813,Rx16,2020,42,mixed conifer,trail,Public,1632.43359375,3.1,7.17,1950.4388300955688,conifer,1.415696030920793,0.44923597261334713,1.3932051279121511,2.5345928012856485,Public,OK7813_Rx16
OK8107,42,2020,52,mixed conifer,trail,Public,970.916748046875,1.55,7.47,392.6036307499886,conifer,-0.19621549797406077,0.5863473129105944,-0.337059670610986,0.02895725536051575,Public,OK8107_42
OK8124,121,2020,52,Grassland,trail,Private,594.19268798828125,2.25,6.05,288.61325913961247,other,-1.1141752741534323,-0.06264636449637632,0.44435023839946297,-0.138301753583678,Private,OK8124_121
OK8127,125,2020,71,Shrub-steppe,trail,Private,833.7626342773436,1.1,3.47,789.1803530241658,other,-0.5304175650211638,-1.2418038910527032,-0.8393946121177033,0.6668146695684398,Private,OK8127_125
OK8225,62,2020,52,Grassland,trail,Public,731.82159423828125,2.37,6.82,136.9854728362383,other,-0.778816284983981,0.28927274226655875,0.5783062228012543,-0.3821811904273658,Public,OK8225_62
OK8234,102,2020,52,Shrub-steppe,trail,Private,428.82769775390625,1.76,6.55,513.8633227637113,other,-1.5171185037412664,0.1658725359990359,-0.10263669790785136,0.22399238791186152,Private,OK8234_102
OK8302,71,2020,42,Burned,trail,Public,1029.0478515625,1.78,7.33,32.23299206240333,other,-0.05456801529412958,0.5223620207718791,-0.0803107005075528,-0.5506659823110128,Public,OK8302_71
OK9174,70,2020,52,Burned,road,Public,1017.841796875,2.18,9.49,1368.062534975758,other,-0.08187369747219742,1.50956367091206,0.3662092474984182,1.597893754576871,Public,OK9174_70
